Army Painter | Speedpaint Medium | Medium | Acrylic Medium | Medium
Army Painter | Holy White | White | Pure White | Speedpaint
Army Painter | Binding Light | White | Bright White | Speedpaint
Army Painter | Runic Grey | Grey | Light Grey | Speedpaint
Army Painter | Gravelord Grey | Grey | Mid Grey | Speedpaint
Army Painter | Grimm Black | Black | Pure Black | Speedpaint
Army Painter | Occultist Cloak | Black | Soft Black | Speedpaint

Army Painter | Howling Sand | Brown | Light Sand | Speedpaint
Army Painter | Pallid Bone | Brown | Bone Off-White | Speedpaint
Army Painter | Bony Matter | Brown | Bone Beige | Speedpaint
Army Painter | Sand Golem | Brown | Warm Sand | Speedpaint
Army Painter | Ochre Clay | Brown | Yellow Earth | Speedpaint
Army Painter | Dark Wood | Brown | Dark Brown | Speedpaint
Army Painter | Desolate Brown | Brown | Muted Brown | Speedpaint
Army Painter | Satchel Brown | Brown | Leather Brown | Speedpaint
Army Painter | Hardened Leather | Brown | Dark Leather | Speedpaint

Army Painter | Noble Skin | Flesh | Light Skin | Speedpaint
Army Painter | Crusader Skin | Flesh | Mid Skin | Speedpaint
Army Painter | Peachy Flesh | Flesh | Warm Skin | Speedpaint

Army Painter | Zealot Yellow | Yellow | Bright Yellow | Speedpaint
Army Painter | Ancient Honey | Yellow | Warm Yellow | Speedpaint
Army Painter | Nuclear Sunrise | Orange | Neon Orange | Speedpaint
Army Painter | Fire Giant Orange | Orange | Deep Orange | Speedpaint

Army Painter | Bright Red | Red | Bright Red | Speedpaint
Army Painter | Blood Red | Red | Mid Red | Speedpaint
Army Painter | Slaughter Red | Red | Dark Red | Speedpaint
Army Painter | Carmine Dragon Red | Red | Deep Red | Speedpaint
Army Painter | Murder Scene | Red | Very Dark Red | Speedpaint
Army Painter | Familiar Pink | Pink | Light Pink | Speedpaint

Army Painter | Purple Swarm | Purple | Mid Purple | Speedpaint
Army Painter | Rigor Mortis | Purple | Muted Purple | Speedpaint

Army Painter | Charming Chartreuse | Green | Yellow-Green | Speedpaint
Army Painter | Maggot Skin | Green | Sickly Green | Speedpaint
Army Painter | Ghoul Green | Green | Pale Green | Speedpaint
Army Painter | Forest Sprite | Green | Natural Green | Speedpaint
Army Painter | Ghille Dew Green | Green | Cool Green | Speedpaint
Army Painter | Malignant Green | Green | Dark Toxic Green | Speedpaint
Army Painter | Shamrock Green | Green | Bright Green | Speedpaint
Army Painter | Camo Cloak | Green | Military Green | Speedpaint
Army Painter | Orc Skin Green | Green | Orc Flesh | Speedpaint
Army Painter | Algae Green | Green | Dark Green | Speedpaint
Army Painter | Absolution Green | Green | Muted Green | Speedpaint

Army Painter | Plasmatic Bolt | Blue | Neon Blue | Speedpaint
Army Painter | Caribbean Ocean | Blue | Teal Blue | Speedpaint
Army Painter | Magic Blue | Blue | Mid Blue | Speedpaint
Army Painter | Beowulf Blue | Blue | Deep Blue | Speedpaint
Army Painter | Highlord Blue | Blue | Royal Blue | Speedpaint
Army Painter | Royal Robes | Blue | Purple-Blue | Speedpaint
Army Painter | Cloudburst Blue | Blue | Light Blue | Speedpaint
Army Painter | Tidal Navy | Blue | Dark Navy | Speedpaint

Army Painter | Hoplite Gold | Metallic | Gold | Speedpaint Metallic
Army Painter | Talos Bronze | Metallic | Bronze | Speedpaint Metallic
Army Painter | Hoard Bronze | Metallic | Dark Bronze | Speedpaint Metallic
Army Painter | Golden Armor | Metallic | Bright Gold | Speedpaint Metallic
Army Painter | Polished Silver | Metallic | Silver | Speedpaint Metallic
Army Painter | Broadsword Silver | Metallic | Steel Silver | Speedpaint Metallic
Army Painter | Brazen Copper | Metallic | Copper | Speedpaint Metallic
Army Painter | Glittering Loot | Metallic | Shiny Gold | Speedpaint Metallic
Army Painter | Enchanted Steel | Metallic | Magic Steel | Speedpaint Metallic
Army Painter | Aztec Gold | Metallic | Rich Gold | Speedpaint Metallic
Army Painter | Air Metallics Night Scales | Metallic | Dark Metallic | Airbrush Metallic

Army Painter | Wet Mud | Effect | Mud | Texture
Army Painter | Dry Rust | Effect | Rust | Weathering